{
  "serosurvey_default.muf": {
    "1": {
      "p_mse": {
        "lower": 0.0137462728794,
        "median": 0.495765552286,
        "upper": 2.64734663396
      },
      "sens_mse": {
        "lower": 0.00214581858901,
        "median": 0.137182671369,
        "upper": 0.589520804175
      },
      "spec_mse": {
        "lower": 0.00756775626588,
        "median": 0.251709520964,
        "upper": 0.820669293825
      },
      "runtime": {
        "lower": 0.2496790885925293,
        "median": 0.2518179416656494,
        "upper": 0.25676608085632324
      }
    },
    "10": {
      "p_mse": {
        "lower": 0.00351800750411,
        "median": 0.0858106869899,
        "upper": 0.445398960898
      },
      "sens_mse": {
        "lower": 0.000415376950985,
        "median": 0.0115715323162,
        "upper": 0.117483095365
      },
      "spec_mse": {
        "lower": 0.000328026977162,
        "median": 0.015688051774,
        "upper": 0.116759051904
      },
      "runtime": {
        "lower": 0.2942938804626465,
        "median": 0.2973659038543701,
        "upper": 0.30182600021362305
      }
    },
    "50": {
      "p_mse": {
        "lower": 0.0137514181382,
        "median": 0.100002431793,
        "upper": 0.253315603221
      },
      "sens_mse": {
        "lower": 0.000106442288788,
        "median": 0.00431151206552,
        "upper": 0.0311113860593
      },
      "spec_mse": {
        "lower": 3.33179317235e-05,
        "median": 0.00158768195257,
        "upper": 0.0143985237477
      },
      "runtime": {
        "lower": 0.4857048988342285,
        "median": 0.4902620315551758,
        "upper": 0.5008809566497803
      }
    },
    "100": {
      "p_mse": {
        "lower": 0.0343663579702,
        "median": 0.100895867149,
        "upper": 0.194699052027
      },
      "sens_mse": {
        "lower": 0.000125703111431,
        "median": 0.0028929588192,
        "upper": 0.0187263806171
      },
      "spec_mse": {
        "lower": 4.18775054574e-06,
        "median": 0.000583244979064,
        "upper": 0.00586176714821
      },
      "runtime": {
        "lower": 0.7268989086151123,
        "median": 0.7333691120147705,
        "upper": 0.7385690212249756
      }
    },
    "500": {
      "p_mse": {
        "lower": 0.062011221655,
        "median": 0.0975838431687,
        "upper": 0.141661674656
      },
      "sens_mse": {
        "lower": 8.39537027151e-05,
        "median": 0.00237675442722,
        "upper": 0.0107384078069
      },
      "spec_mse": {
        "lower": 7.56365951845e-07,
        "median": 6.49988282498e-05,
        "upper": 0.000640114693936
      },
      "runtime": {
        "lower": 2.6717681884765625,
        "median": 2.702796220779419,
        "upper": 2.7486560344696045
      }
    },
    "1000": {
      "p_mse": {
        "lower": 0.0682407097718,
        "median": 0.0936607127048,
        "upper": 0.124830478997
      },
      "sens_mse": {
        "lower": 0.000239501166425,
        "median": 0.00332868782212,
        "upper": 0.0101496486307
      },
      "spec_mse": {
        "lower": 4.2473063795e-07,
        "median": 2.06551661033e-05,
        "upper": 0.000255402722442
      },
      "runtime": {
        "lower": 5.1214540004730225,
        "median": 5.184524059295654,
        "upper": 5.253070116043091
      }
    },
    "2000": {
      "p_mse": {
        "lower": 0.0685530027708,
        "median": 0.0897146985561,
        "upper": 0.111431605867
      },
      "sens_mse": {
        "lower": 0.000858487077788,
        "median": 0.00477027805869,
        "upper": 0.0108422353414
      },
      "spec_mse": {
        "lower": 2.55951643154e-07,
        "median": 9.7093459375e-06,
        "upper": 0.000123777205736
      },
      "runtime": {
        "lower": 9.96899700164795,
        "median": 10.084197044372559,
        "upper": 10.27707815170288
      }
    },
    "3000": {
      "p_mse": {
        "lower": 0.0729154697795,
        "median": 0.0885301272823,
        "upper": 0.107993579794
      },
      "sens_mse": {
        "lower": 0.00131296119849,
        "median": 0.00527602682718,
        "upper": 0.0104736347067
      },
      "spec_mse": {
        "lower": 1.40114348186e-07,
        "median": 7.35157146691e-06,
        "upper": 8.57623402474e-05
      },
      "runtime": {
        "lower": 14.94593596458435,
        "median": 15.117653131484985,
        "upper": 15.352674961090088
      }
    }
  },
  "serosurvey_alt.muf": {
    "1": {
      "p_mse": {
        "lower": 0.0134948971594,
        "median": 0.453656771419,
        "upper": 2.74683071593
      },
      "sens_mse": {
        "lower": 0.0531311683307,
        "median": 0.0624112284552,
        "upper": 0.0718159702619
      },
      "spec_mse": {
        "lower": 3.24023668639e-05,
        "median": 9.62561845124e-05,
        "upper": 0.000197803325753
      },
      "runtime": {
        "lower": 0.24646592140197754,
        "median": 0.24933409690856934,
        "upper": 0.25712084770202637
      }
    },
    "10": {
      "p_mse": {
        "lower": 0.00418038880359,
        "median": 0.092061140222,
        "upper": 0.519016800668
      },
      "sens_mse": {
        "lower": 0.00888976550615,
        "median": 0.0143785129572,
        "upper": 0.0210174796549
      },
      "spec_mse": {
        "lower": 1.73561400202e-06,
        "median": 1.98055448643e-05,
        "upper": 2.33863988884e-05
      },
      "runtime": {
        "lower": 0.26160621643066406,
        "median": 0.2638528347015381,
        "upper": 0.2688629627227783
      }
    },
    "50": {
      "p_mse": {
        "lower": 0.00741572478148,
        "median": 0.070777351617,
        "upper": 0.224089503965
      },
      "sens_mse": {
        "lower": 0.00873407626774,
        "median": 0.0133151164694,
        "upper": 0.0189026644373
      },
      "spec_mse": {
        "lower": 1.7071769424e-06,
        "median": 2.25656044664e-06,
        "upper": 2.28335068301e-05
      },
      "runtime": {
        "lower": 0.3157937526702881,
        "median": 0.320767879486084,
        "upper": 0.3314650058746338
      }
    },
    "100": {
      "p_mse": {
        "lower": 0.0189325491601,
        "median": 0.0769670519555,
        "upper": 0.163557959242
      },
      "sens_mse": {
        "lower": 0.00971868755325,
        "median": 0.0138822480472,
        "upper": 0.0191729015457
      },
      "spec_mse": {
        "lower": 1.74206838066e-06,
        "median": 6.96032545348e-06,
        "upper": 2.29138428298e-05
      },
      "runtime": {
        "lower": 0.38515615463256836,
        "median": 0.39092302322387695,
        "upper": 0.39643192291259766
      }
    },
    "500": {
      "p_mse": {
        "lower": 0.0435648899186,
        "median": 0.0725424731004,
        "upper": 0.109872601206
      },
      "sens_mse": {
        "lower": 0.0129314898219,
        "median": 0.0155557147812,
        "upper": 0.0192079632215
      },
      "spec_mse": {
        "lower": 2.06235663943e-06,
        "median": 8.15364075902e-06,
        "upper": 2.15830775382e-05
      },
      "runtime": {
        "lower": 0.9694600105285645,
        "median": 0.9870929718017578,
        "upper": 1.0169780254364014
      }
    },
    "1000": {
      "p_mse": {
        "lower": 0.0497977307794,
        "median": 0.0726390810339,
        "upper": 0.0991481447196
      },
      "sens_mse": {
        "lower": 0.0136748937661,
        "median": 0.0158259212681,
        "upper": 0.0188843355213
      },
      "spec_mse": {
        "lower": 2.97531177465e-06,
        "median": 7.92531493379e-06,
        "upper": 1.70704314273e-05
      },
      "runtime": {
        "lower": 1.727975845336914,
        "median": 1.770401954650879,
        "upper": 1.8410210609436035
      }
    },
    "2000": {
      "p_mse": {
        "lower": 0.0558254374952,
        "median": 0.0722035236234,
        "upper": 0.0893877596281
      },
      "sens_mse": {
        "lower": 0.0144764543504,