true_x, obs
5.434043127007928, 5.596386723626891
8.825543504628742, 10.99951299494616
14.002859330315484, 14.012360150355763
19.81416685444205, 25.650321143632823
26.342147747161803, 21.586072101621806
31.889763632552825, 31.834450977883645
36.05088482588816, 35.902207759505046
39.98280365537335, 40.06862429301402
45.35182264983099, 46.25157475317302
47.8542114893549, 46.81504487000767
