{
  "benchmark": "serosurvey",
  "true_vars": [
    ["intercept", [2.162511]],
    ["sex", [0.4638138]],
    ["age_cat_5_10", [0.050155]],
    ["age_cat_10_20", [-0.0583128]],
    ["age_cat_50_65", [0.6693432]],
    ["age_cat_65_105", [0.1790346]],
    ["week1", [0.2492106]],
    ["week3", [-0.2200088]],
    ["week4",[ -0.0593874]],
    ["week5", [0.3817401]],
    ["sigma_h", [0.9161439]],
    ["sens", [0.808969]],
    ["spec", [0.9941081]]
  ],
  "base_y": 3,
  "base_x": 6,
  "n_y": 5,
  "n_x": 3,
  "error_func": "se"
}