true_x, obs
21.329798645565017, 22.198660970709476
21.382529169406506, 22.045218233865917
20.648184936213216, 21.38716411050415
19.39452803449922, 19.545539284872973
19.92617655756125, 21.647802914247265
20.824505979699094, 20.854286432761757
21.789894744743865, 21.83202876003627
20.099181587349257, 19.879854823147404
19.629464369250663, 17.931271128024292
17.9349262361354, 18.877562525133914
