{
  "benchmark": "sms_behavior",
  "true_vars": [
    ["tau", [44.308125]],
    ["lambda1", [17.749241151314294]],
    ["lambda2", [22.72325027312415]]
  ],
  "base_y": 5,
  "base_x": 4,
  "n_y": 2,
  "n_x": 2,
  "error_func": "se"
}