true_x, obs
-13.230970600029776, -13.580298580016349
-12.785039560841591, -12.794250685736525
-12.696941294242285, -13.097556417097945
-13.015783209379748, -15.253771506309816
-14.812006360064771, -14.216715997063593
-15.467772588757828, -16.922850445008947
-14.901619773252643, -13.129886777283255
-16.34471330734799, -17.83832840863442
-17.758366307589117, -18.39119193153782
-17.07281853236231, -16.888691426217846
