{
  "outlier_default.muf": {
    "1": {
      "total_mse": {
        "lower": 132.826312103,
        "median": 941.325484203,
        "upper": 4380.00472764
      },
      "xt_mse": {
        "lower": 133.321253802,
        "median": 940.74630868,
        "upper": 4398.16909121
      },
      "outlier_prob_mse": {
        "lower": 133.684506957,
        "median": 937.455170122,
        "upper": 4378.23003534
      },
      "runtime": {
        "lower": 0.0610661506652832,
        "median": 0.06141209602355957,
        "upper": 0.06206560134887695
      }
    },
    "10": {
      "total_mse": {
        "lower": 1.19511457935,
        "median": 2.43469381912,
        "upper": 133.856305497
      },
      "xt_mse": {
        "lower": 1.15033153427,
        "median": 3.11516663228,
        "upper": 136.973156895
      },
      "outlier_prob_mse": {
        "lower": 1.21102789724,
        "median": 3.18423902795,
        "upper": 135.607355981
      },
      "runtime": {
        "lower": 0.21314525604248047,
        "median": 0.22028350830078125,
        "upper": 0.23015999794006348
      }
    },
    "20": {
      "total_mse": {
        "lower": 0.783785458854,
        "median": 1.35304244245,
        "upper": 743.996865113
      },
      "xt_mse": {
        "lower": 0.745326031568,
        "median": 1.61233547039,
        "upper": 742.731056888
      },
      "outlier_prob_mse": {
        "lower": 0.736917814212,
        "median": 1.63972153685,
        "upper": 741.323263966
      },
      "runtime": {
        "lower": 0.3704946041107178,
        "median": 0.3806424140930176,
        "upper": 0.39193081855773926
      }
    },
    "30": {
      "total_mse": {
        "lower": 0.630967301595,
        "median": 0.810780025328,
        "upper": 17.749314455
      },
      "xt_mse": {
        "lower": 0.602547061243,
        "median": 0.844949990594,
        "upper": 18.1592249667
      },
      "outlier_prob_mse": {
        "lower": 0.602179512186,
        "median": 0.819228828084,
        "upper": 18.0984596391
      },
      "runtime": {
        "lower": 0.5272033214569092,
        "median": 0.5367963314056396,
        "upper": 0.550133228302002
      }
    },
    "40": {
      "total_mse": {
        "lower": 0.610671635306,
        "median": 0.700216627527,
        "upper": 4.1458941004
      },
      "xt_mse": {
        "lower": 0.567549234416,
        "median": 0.678822793591,
        "upper": 5.99790625656
      },
      "outlier_prob_mse": {
        "lower": 0.555739322979,
        "median": 0.669671461174,
        "upper": 5.9698906498
      },
      "runtime": {
        "lower": 0.6833386421203613,
        "median": 0.6955339908599854,
        "upper": 0.7073225975036621
      }
    },
    "50": {
      "total_mse": {
        "lower": 0.577912083,
        "median": 0.648902697187,
        "upper": 1.55873768151
      },
      "xt_mse": {
        "lower": 0.546980044419,
        "median": 0.608491337759,
        "upper": 2.37931316588
      },
      "outlier_prob_mse": {
        "lower": 0.529724017988,
        "median": 0.6037623898,
        "upper": 2.14792745364
      },
      "runtime": {
        "lower": 0.8380045890808105,
        "median": 0.8508358001708984,
        "upper": 0.8636970520019531
      }
    },
    "60": {
      "total_mse": {
        "lower": 0.556519759549,
        "median": 0.608335872332,
        "upper": 0.725472972511
      },
      "xt_mse": {
        "lower": 0.50887655153,
        "median": 0.569979174351,
        "upper": 0.779403655398
      },
      "outlier_prob_mse": {
        "lower": 0.498827803339,
        "median": 0.549717519319,
        "upper": 0.735653504618
      },
      "runtime": {
        "lower": 0.9866788387298584,
        "median": 1.0022213459014893,
        "upper": 1.0183262825012207
      }
    },
    "70": {
      "total_mse": {
        "lower": 0.549416533151,
        "median": 0.600176389657,
        "upper": 0.684692280543
      },
      "xt_mse": {
        "lower": 0.496182072043,
        "median": 0.547218084778,
        "upper": 0.689409474981
      },
      "outlier_prob_mse": {
        "lower": 0.479709110227,
        "median": 0.53443347612,
        "upper": 0.687789567943
      },
      "runtime": {
        "lower": 1.1513097286224365,
        "median": 1.1677477359771729,
        "upper": 1.1853549480438232
      }
    },
    "80": {
      "total_mse": {
        "lower": 0.549186941844,
        "median": 0.586071297971,
        "upper": 0.65504081863
      },
      "xt_mse": {
        "lower": 0.501395775073,
        "median": 0.533349361315,
        "upper": 0.628358563041
      },
      "outlier_prob_mse": {
        "lower": 0.476044318958,
        "median": 0.516394364445,
        "upper": 0.598915003658
      },
      "runtime": {
        "lower": 1.3048608303070068,
        "median": 1.323758602142334,
        "upper": 1.3452544212341309
      }
    },
    "90": {
      "total_mse": {
        "lower": 0.539980478231,
        "median": 0.571921394218,
        "upper": 0.616664798623
      },
      "xt_mse": {
        "lower": 0.498358459549,
        "median": 0.525754142274,
        "upper": 0.579461828527
      },
      "outlier_prob_mse": {
        "lower": 0.478533525319,
        "median": 0.505055947987,
        "upper": 0.599407026912
      },
      "runtime": {
        "lower": 1.4623994827270508,
        "median": 1.4805121421813965,
        "upper": 1.505969762802124
      }
    },
    "100": {
      "total_mse": {
        "lower": 0.535833363463,
        "median": 0.569681713945,
        "upper": 0.611732428795
      },
      "xt_mse": {
        "lower": 0.490154732968,
        "median": 0.518017664311,
        "upper": 0.576564824813
      },
      "outlier_prob_mse": {
        "lower": 0.469150151973,
        "median": 0.502187406768,
        "upper": 0.559658664789
      },
      "runtime": {
        "lower": 1.6260731220245361,
        "median": 1.647798776626587,
        "upper": 1.6712291240692139
      }
    }
  },
  "outlier_xt_exact.muf": {
    "1": {
      "total_mse": {
        "lower": 193.870537269,
        "median": 232.230306433,
        "upper": 265.345880874
      },
      "xt_mse": {
        "lower": 166.781429492,
        "median": 191.75513015,
        "upper": 218.992154114
      },
      "outlier_prob_mse": {
        "lower": 176.921398723,
        "median": 203.532615458,
        "upper": 235.412487205
      },
      "runtime": {
        "lower": 0.06011652946472168,
        "median": 0.06038212776184082,
        "upper": 0.060961246490478516
      }
    },
    "10": {
      "total_mse": {
        "lower": 102.734325155,
        "median": 195.753488005,
        "upper": 334.100570925
      },
      "xt_mse": {
        "lower": 89.7687173299,
        "median": 173.640638547,
        "upper": 310.819653841
      },
      "outlier_prob_mse": {
        "lower": 104.80759069,
        "median": 196.007550125,
        "upper": 314.567880931
      },
      "runtime": {
        "lower": 0.2038280963897705,
        "median": 0.20993852615356445,
        "upper": 0.22133374214172363
      }
    },
    "20": {
      "total_mse": {
        "lower": 48.3851724942,
        "median": 169.835074673,
        "upper": 445.975899552
      },
      "xt_mse": {
        "lower": 47.2175166114,
        "median": 169.753103983,
        "upper": 448.24949936
      },
      "outlier_prob_mse": {
        "lower": 50.9792404998,
        "median": 170.205380887,
        "upper": 458.289621139
      },
      "runtime": {
        "lower": 0.3569986820220947,
        "median": 0.36517930030822754,
        "upper": 0.3787078857421875
      }
    },
    "30": {
      "total_mse": {
        "lower": 10.4329006053,
        "median": 106.899225869,
        "upper": 673.040523162
      },
      "xt_mse": {
        "lower": 9.45388783088,
        "median": 107.55584447,
        "upper": 689.806886459
      },
      "outlier_prob_mse": {
        "lower": 13.9899490964,