{
  "outlier_default.muf": {
    "1": {
      "total_mse": {
        "lower": 348.015486547,
        "median": 789.25661752,
        "upper": 1532.04799793
      },
      "xt_mse": {
        "lower": 349.163554194,
        "median": 794.39457455,
        "upper": 1536.8427187
      },
      "outlier_prob_mse": {
        "lower": 346.846574151,
        "median": 789.374300719,
        "upper": 1525.53167262
      },
      "runtime": {
        "lower": 0.06096601486206055,
        "median": 0.061293601989746094,
        "upper": 0.06197404861450195
      }
    },
    "10": {
      "total_mse": {
        "lower": 40.9973752297,
        "median": 86.2710094742,
        "upper": 216.074548276
      },
      "xt_mse": {
        "lower": 42.896379018,
        "median": 89.5660718431,
        "upper": 221.822075297
      },
      "outlier_prob_mse": {
        "lower": 41.4253439197,
        "median": 88.0706073521,
        "upper": 219.083773398
      },
      "runtime": {
        "lower": 0.21280860900878906,
        "median": 0.22140979766845703,
        "upper": 0.23111391067504883
      }
    },
    "20": {
      "total_mse": {
        "lower": 70.629923675,
        "median": 209.83750534,
        "upper": 732.51683206
      },
      "xt_mse": {
        "lower": 72.1406423316,
        "median": 213.611411912,
        "upper": 735.920226114
      },
      "outlier_prob_mse": {
        "lower": 71.573588157,
        "median": 211.560457704,
        "upper": 730.688195915
      },
      "runtime": {
        "lower": 0.3726372718811035,
        "median": 0.3799886703491211,
        "upper": 0.39330124855041504
      }
    },
    "30": {
      "total_mse": {
        "lower": 85.7928845594,
        "median": 415.357741229,
        "upper": 1371.6647392
      },
      "xt_mse": {
        "lower": 87.5908972611,
        "median": 416.011023692,
        "upper": 1375.82963046
      },
      "outlier_prob_mse": {
        "lower": 86.2832030054,
        "median": 414.987163009,
        "upper": 1372.5502892
      },
      "runtime": {
        "lower": 0.5292575359344482,
        "median": 0.5372066497802734,
        "upper": 0.552351713180542
      }
    },
    "40": {
      "total_mse": {
        "lower": 172.107584535,
        "median": 560.664666699,
        "upper": 1609.53255945
      },
      "xt_mse": {
        "lower": 172.634771071,
        "median": 560.015667909,
        "upper": 1612.31472549
      },
      "outlier_prob_mse": {
        "lower": 172.172828006,
        "median": 560.801010061,
        "upper": 1602.19813035
      },
      "runtime": {
        "lower": 0.6830582618713379,
        "median": 0.6949179172515869,
        "upper": 0.7121715545654297
      }
    },
    "50": {
      "total_mse": {
        "lower": 172.973138915,
        "median": 669.946362933,
        "upper": 1828.63002136
      },
      "xt_mse": {
        "lower": 175.7750187,
        "median": 673.584079167,
        "upper": 1830.71187167
      },
      "outlier_prob_mse": {
        "lower": 171.246937039,
        "median": 671.462501181,
        "upper": 1825.00930538
      },
      "runtime": {
        "lower": 0.8378748893737793,
        "median": 0.8513772487640381,
        "upper": 0.8642663955688477
      }
    },
    "60": {
      "total_mse": {
        "lower": 152.286339066,
        "median": 511.19380897,
        "upper": 1736.67238738
      },
      "xt_mse": {
        "lower": 155.951556792,
        "median": 513.145762609,
        "upper": 1742.40453635
      },
      "outlier_prob_mse": {
        "lower": 154.683342915,
        "median": 510.715212539,
        "upper": 1736.70809227
      },
      "runtime": {
        "lower": 0.9945616722106934,
        "median": 1.0075874328613281,
        "upper": 1.0270204544067383
      }
    },
    "70": {
      "total_mse": {
        "lower": 171.641387434,
        "median": 631.942922057,
        "upper": 1890.91150353
      },
      "xt_mse": {
        "lower": 173.872782882,
        "median": 633.79251998,
        "upper": 1896.32511839
      },
      "outlier_prob_mse": {
        "lower": 172.203747046,
        "median": 631.082900285,
        "upper": 1888.82810917
      },
      "runtime": {
        "lower": 1.1526002883911133,
        "median": 1.1715600490570068,
        "upper": 1.1878015995025635
      }
    },
    "80": {
      "total_mse": {
        "lower": 177.495181783,
        "median": 699.259233535,
        "upper": 1967.02962521
      },
      "xt_mse": {
        "lower": 179.02438796,
        "median": 700.311173284,
        "upper": 1969.66473013
      },
      "outlier_prob_mse": {
        "lower": 179.037334473,
        "median": 699.527923945,
        "upper": 1965.26338468
      },
      "runtime": {
        "lower": 1.3140153884887695,
        "median": 1.3290612697601318,
        "upper": 1.3525362014770508
      }
    },
    "90": {
      "total_mse": {
        "lower": 200.150505167,
        "median": 720.063602766,
        "upper": 2005.6967868
      },
      "xt_mse": {
        "lower": 202.437727975,
        "median": 720.320303387,
        "upper": 2007.13324068
      },
      "outlier_prob_mse": {
        "lower": 201.069695967,
        "median": 718.410133571,
        "upper": 2001.08251054
      },
      "runtime": {
        "lower": 1.4720301628112793,
        "median": 1.488651990890503,
        "upper": 1.5152006149291992
      }
    },
    "100": {
      "total_mse": {
        "lower": 121.439514223,
        "median": 556.918159458,
        "upper": 1816.69470026
      },
      "xt_mse": {
        "lower": 125.640606706,
        "median": 559.279672636,
        "upper": 1816.8551739
      },
      "outlier_prob_mse": {
        "lower": 124.998035216,
        "median": 556.53158866,
        "upper": 1811.09483906
      },
      "runtime": {
        "lower": 1.630458116531372,
        "median": 1.6476318836212158,
        "upper": 1.677086591720581
      }
    }
  },
  "outlier_xt_exact.muf": {
    "1": {
      "total_mse": {
        "lower": 260.838293465,
        "median": 298.789514286,
        "upper": 329.121360064
      },
      "xt_mse": {
        "lower": 183.62949591,
        "median": 219.004238241,
        "upper": 241.589067372
      },
      "outlier_prob_mse": {
        "lower": 209.586707438,
        "median": 242.700111426,
        "upper": 282.364081856
      },
      "runtime": {
        "lower": 0.06017327308654785,
        "median": 0.06047177314758301,
        "upper": 0.06101512908935547
      }
    },
    "10": {
      "total_mse": {
        "lower": 141.739274936,
        "median": 249.069699241,
        "upper": 401.670170388
      },
      "xt_mse": {
        "lower": 130.329515657,
        "median": 230.448191219,
        "upper": 349.590761394
      },
      "outlier_prob_mse": {
        "lower": 131.731099958,
        "median": 237.998366185,
        "upper": 360.08857338
      },
      "runtime": {
        "lower": 0.20293807983398438,
        "median": 0.2102375030517578,
        "upper": 0.22149968147277832
      }
    },
    "20": {
      "total_mse": {
        "lower": 60.0608424466,
        "median": 218.43003583,
        "upper": 527.979905949
      },
      "xt_mse": {
        "lower": 53.528123894,
        "median": 205.407009452,
        "upper": 530.346313566
      },
      "outlier_prob_mse": {
        "lower": 59.6840572874,
        "median": 211.130225688,
        "upper": 545.304140872
      },
      "runtime": {
        "lower": 0.3560762405395508,
        "median": 0.36397528648376465,
        "upper": 0.37624406814575195
      }
    },
    "30": {
      "total_mse": {
        "lower": 0.964117747239,
        "median": 115.519247429,
        "upper": 1816.77797827
      },
      "xt_mse": {
        "lower": 1.00889443639,
        "median": 116.390896755,
        "upper": 1817.01227866
      },
      "outlier_prob_mse": {
        "lower": 1.05820069355,
        "median": 119.423270946,
        "upper": 1759.43445187
      },