{
  "outlier_default.muf": {
    "10": {
      "total_mse": {
        "lower": 1.34471580526,
        "median": 2.30106302903,
        "upper": 819.291981868
      },
      "xt_mse": {
        "lower": 1.30643512821,
        "median": 2.99535691724,
        "upper": 835.08213008
      },
      "outlier_prob_mse": {
        "lower": 1.29310728659,
        "median": 3.05644829022,
        "upper": 827.884792944
      },
      "runtime": {
        "lower": 0.21157073974609375,
        "median": 0.21919846534729004,
        "upper": 0.23090124130249023
      }
    },
    "20": {
      "total_mse": {
        "lower": 1.01060613007,
        "median": 2.19512033073,
        "upper": 1282.26788532
      },
      "xt_mse": {
        "lower": 1.03843732699,
        "median": 3.73940517313,
        "upper": 1288.78881051
      },
      "outlier_prob_mse": {
        "lower": 1.03284007424,
        "median": 3.75538285627,
        "upper": 1280.49624197
      },
      "runtime": {
        "lower": 0.37223100662231445,
        "median": 0.3821725845336914,
        "upper": 0.39855170249938965
      }
    },
    "30": {
      "total_mse": {
        "lower": 0.843150422714,
        "median": 1.28651343426,
        "upper": 2607.96123514
      },
      "xt_mse": {
        "lower": 0.88026519232,
        "median": 2.02848398637,
        "upper": 2611.63185854
      },
      "outlier_prob_mse": {
        "lower": 0.845115778466,
        "median": 1.97304210083,
        "upper": 2601.89673487
      },
      "runtime": {
        "lower": 0.5278687477111816,
        "median": 0.5380704402923584,
        "upper": 0.551417350769043
      }
    },
    "40": {
      "total_mse": {
        "lower": 0.768381494521,
        "median": 0.97870333501,
        "upper": 984.252679254
      },
      "xt_mse": {
        "lower": 0.806925281319,
        "median": 1.19712813128,
        "upper": 986.654965146
      },
      "outlier_prob_mse": {
        "lower": 0.791692996959,
        "median": 1.19569621215,
        "upper": 988.108619747
      },
      "runtime": {
        "lower": 0.6823034286499023,
        "median": 0.6949565410614014,
        "upper": 0.7118048667907715
      }
    },
    "50": {
      "total_mse": {
        "lower": 0.713654911683,
        "median": 0.907484608135,
        "upper": 1508.9073141
      },
      "xt_mse": {
        "lower": 0.765406197243,
        "median": 1.08514746638,
        "upper": 1505.20642027
      },
      "outlier_prob_mse": {
        "lower": 0.757927826975,
        "median": 1.07147822028,
        "upper": 1507.03983687
      },
      "runtime": {
        "lower": 0.8375513553619385,
        "median": 0.8505058288574219,
        "upper": 0.8609099388122559
      }
    },
    "60": {
      "total_mse": {
        "lower": 0.71758550362,
        "median": 0.838531288211,
        "upper": 29.8546670501
      },
      "xt_mse": {
        "lower": 0.766402331907,
        "median": 1.03185796761,
        "upper": 33.404697241
      },
      "outlier_prob_mse": {
        "lower": 0.725082688584,
        "median": 0.924695127787,
        "upper": 31.5628078667
      },
      "runtime": {
        "lower": 0.990795373916626,
        "median": 1.004380702972412,
        "upper": 1.0198407173156738
      }
    },
    "70": {
      "total_mse": {
        "lower": 0.709009877747,
        "median": 0.803470348543,
        "upper": 1.21090815861
      },
      "xt_mse": {
        "lower": 0.780520621757,
        "median": 0.961413055479,
        "upper": 5.37932186678
      },
      "outlier_prob_mse": {
        "lower": 0.702849753024,
        "median": 0.872652068804,
        "upper": 3.82592656339
      },
      "runtime": {
        "lower": 1.155334711074829,
        "median": 1.16898512840271,
        "upper": 1.1811041831970215
      }
    },
    "80": {
      "total_mse": {
        "lower": 0.714559152327,
        "median": 0.772977087875,
        "upper": 1.0447252476
      },
      "xt_mse": {
        "lower": 0.763944306623,
        "median": 0.946052433136,
        "upper": 6.78985343453
      },
      "outlier_prob_mse": {
        "lower": 0.699705110146,
        "median": 0.838823871525,
        "upper": 6.64202059364
      },
      "runtime": {
        "lower": 1.3100018501281738,
        "median": 1.3238346576690674,
        "upper": 1.3406810760498047
      }
    },
    "90": {
      "total_mse": {
        "lower": 0.699034223311,
        "median": 0.771787088512,
        "upper": 0.938051107096
      },
      "xt_mse": {
        "lower": 0.748087136203,
        "median": 0.912030809067,
        "upper": 2.1524377555
      },
      "outlier_prob_mse": {
        "lower": 0.702582648024,
        "median": 0.834022845295,
        "upper": 2.1261095865
      },
      "runtime": {
        "lower": 1.4669699668884277,
        "median": 1.485621452331543,
        "upper": 1.5071980953216553
      }
    },
    "100": {
      "total_mse": {
        "lower": 0.687866495096,
        "median": 0.743613025721,
        "upper": 0.845893580892
      },
      "xt_mse": {
        "lower": 0.75138595028,
        "median": 0.861800972023,
        "upper": 1.76444418537
      },
      "outlier_prob_mse": {
        "lower": 0.711220838915,
        "median": 0.792504302915,
        "upper": 1.53210505335
      },
      "runtime": {
        "lower": 1.6239571571350098,
        "median": 1.6421570777893066,
        "upper": 1.659083366394043
      }
    },
    "1": {
      "total_mse": {
        "lower": 182.930746589,
        "median": 1333.49420073,
        "upper": 7087.65284319
      },
      "xt_mse": {
        "lower": 185.134057487,
        "median": 1336.31830944,
        "upper": 7113.63393052
      },
      "outlier_prob_mse": {
        "lower": 183.916944249,
        "median": 1333.41824166,
        "upper": 7085.20623435
      },
      "runtime": {
        "lower": 0.060938119888305664,
        "median": 0.061266422271728516,
        "upper": 0.06177401542663574
      }
    }
  },
  "outlier_xt_exact.muf": {
    "10": {
      "total_mse": {
        "lower": 139.241552035,
        "median": 239.996960148,
        "upper": 408.447637556
      },
      "xt_mse": {
        "lower": 119.92633016,
        "median": 210.537795318,
        "upper": 379.099230567
      },
      "outlier_prob_mse": {
        "lower": 137.327218102,
        "median": 221.388699476,
        "upper": 415.217226836
      },
      "runtime": {
        "lower": 0.20422124862670898,
        "median": 0.2098376750946045,
        "upper": 0.22520041465759277
      }
    },
    "20": {
      "total_mse": {
        "lower": 65.6291898933,
        "median": 199.697831161,
        "upper": 489.849174708
      },
      "xt_mse": {
        "lower": 61.4583696369,
        "median": 203.673768431,
        "upper": 473.003396751
      },
      "outlier_prob_mse": {
        "lower": 63.6433828229,
        "median": 205.951682449,
        "upper": 474.085171166
      },
      "runtime": {
        "lower": 0.35597825050354004,
        "median": 0.364149808883667,
        "upper": 0.3757445812225342
      }
    },
    "30": {
      "total_mse": {
        "lower": 2.69870803525,
        "median": 132.889581314,
        "upper": 1180.62526391
      },
      "xt_mse": {
        "lower": 2.70583534532,
        "median": 132.580877325,
        "upper": 1182.70872826
      },
      "outlier_prob_mse": {
        "lower": 3.19021214033,
        "median": 132.709046662,
        "upper": 1181.57720716
      },
      "runtime": {
        "lower": 0.5032780170440674,
        "median": 0.5130009651184082,
        "upper": 0.5263607501983643
      }
    },
    "40": {
      "total_mse": {
        "lower": 0.668146904511,
        "median": 18.399214657,
        "upper": 1011.51416922
      },
      "xt_mse": {
        "lower": 0.736051773659,
        "median": 18.4291813095,
        "upper": 1017.51615783
      },
      "outlier_prob_mse": {
        "lower": 0.668396673848,
        "median": 18.1508911984,