true_x, obs
0.3135715931020135, -0.11236262064554148
1.3421313139609075, 2.0335878600165462
4.29660762983073, 9.097169554651892
5.673330750287365, 9.796465251456869
5.13602630957595, 10.96808573112754
3.24227706922038, 7.740762275176168
4.603581343386758, 9.124474137848022
2.3127307638378363, 5.022203486351717
1.5727214377885776, 3.5107763693737426
1.9300110717343557, 2.388909138902667
