{
  "benchmark": "mixasymprior",
  "true_vars": [
    ["mu1", [1.8562471359717188]],
    ["mu2", [-2.9587233309076537]],
    ["var1", [0.5204575536618073]],
    ["var2", [1.7631756734572441]]
  ],
  "base_y": 4,
  "base_x": 5,
  "n_y": 2,
  "n_x": 3,
  "legend_width": 3,
  "error_func": "se"
}