{
  "benchmark": "gaussianmixture",
  "true_vars": [
    ["theta", [0.14555517884306435]],
    ["mu1", [-10.994857395060004]],
    ["mu2", [8.416249615895826]]
  ],
  "base_y": 4,
  "base_x": 5,
  "n_y": 2,
  "n_x": 2,
  "legend_width": 2,
  "error_func": "se"
}